RETAILER ID,CNPJ,VAREJO,GRUPO,CONTRATOS,ORIGINACAO,MDR,COMISSAO
1848,2.91808E+13,OTICAS EVOLVE,SEM GRUPO,45,21014.90,2521.79,100.87
309,2.9981E+12,CASA BARAO,SEM GRUPO,109,15652.32,1563.69,62.55
467,1.67122E+13,UNIVERSO DA MODA SOMBRIO,SEM GRUPO,47,13270.80,1325.74,53.03
1979,4.15845E+13,OTICAS EVOLVE ARARANGUA,SEM GRUPO,23,9679.53,1161.54,46.46
2099,6.18572E+13,VALLEA MODA FEMININA,SEM GRUPO,34,9061.84,1087.43,43.50
316,2.67802E+12,SCARPAN CALCADOS,SEM GRUPO,36,10305.90,1029.57,41.18
750,5.30607E+13,FASHION WALL,SEM GRUPO,20,9487.53,947.83,37.91
220,4.7732E+13,MILA BOUTIQUE,SEM GRUPO,20,9426.82,941.73,37.67
2064,5.92161E+13,ALICE STORE,SEM GRUPO,29,7065.21,847.86,33.91
2192,6.20052E+13,OTICAS LUARE,SEM GRUPO,16,7050.00,846.00,33.84
2605,6.32852E+13,OTICONOMIA,SEM GRUPO,15,6609.50,793.15,31.73
372,5.22717E+13,MAYA MODAS,SEM GRUPO,33,7777.47,776.99,31.08
1994,2.17407E+13,JANACLEI,SEM GRUPO,24,6088.00,730.56,29.22
5874,6.79998E+13,CLOSET SECRETO MODAS LTDA,SEM GRUPO,18,5934.59,712.17,28.49
328,1.96427E+13,DEISE MODAS,SEM GRUPO,25,6925.89,691.93,27.68
1171,4.72713E+13,OTICAS NOVA NAVEGANTES,SEM GRUPO,8,5750.00,690.00,27.60
202,3.68254E+13,CONTEM AMOR BEAUTY,SEM GRUPO,24,6837.10,683.01,27.32
683,4.38628E+13,MARIA CLARA CALCADOS,SEM GRUPO,21,6756.00,674.94,27.00
693,2.05293E+13,LOJA BEBE ANJO,SEM GRUPO,29,6508.58,650.21,26.01
872,4.08526E+13,ESSENCIA DA MODA,SEM GRUPO,19,6257.90,625.18,25.01
2225,6.2302E+13,TAMARA FIDELIS MULTIMARCAS,SEM GRUPO,16,5064.90,607.79,24.31
1628,5.04453E+13,BABY CUTE,SEM GRUPO,12,4808.30,577.00,23.08
237,2.24715E+13,DIRIGINDO A MODA,SEM GRUPO,13,5349.10,534.38,21.38
1243,4.73537E+13,YAS BOUTIQUE,SEM GRUPO,13,4329.21,519.52,20.78
920,3.25053E+13,CARROSSEL KIDS,SEM GRUPO,22,4826.95,482.22,19.29
243,7.53058E+13,BERNARDI TECIDOS,SEM GRUPO,22,4819.64,481.50,19.26
3151,6.44328E+13,INFINITY MODAS,SEM GRUPO,13,3979.00,477.48,19.10
5506,2.22373E+13,NEGA FILO CONFECCOES,SEM GRUPO,15,3799.65,456.00,18.24
1042,5.39772E+13,ALLOHA KIDS,SEM GRUPO,8,3793.00,455.16,18.21
5459,6.18517E+13,AQUARELA MODAS,SEM GRUPO,17,3774.00,452.88,18.12
2861,5.44235E+13,MELRIA MODA,SEM GRUPO,7,3736.16,448.34,17.93
4163,5.55148E+13,ISS BOUTIQUE,SEM GRUPO,11,3729.80,447.58,17.90
2239,3.61166E+13,BAMBINO KIDS,SEM GRUPO,7,3628.70,435.44,17.42
321,1.87132E+13,MARY MODAS,SEM GRUPO,14,4309.29,430.50,17.22
2840,1.27785E+13,ISA COSMETICOS PROFISSIONAIS,SEM GRUPO,16,3576.00,429.13,17.17
373,2.91336E+13,BODY SHOP,SEM GRUPO,9,4290.50,428.63,17.15
4102,3.74357E+13,NATCELL CELULARES,SEM GRUPO,10,3460.00,415.20,16.61
1183,5.39419E+13,INDIANARA KUBOSKI,SEM GRUPO,7,3444.30,413.32,16.53
875,2.8146E+13,ZUCCA KIDS,SEM GRUPO,14,4022.20,401.82,16.07
5117,6.65054E+13,TET CLOSET,SEM GRUPO,13,3344.44,401.33,16.05
1514,5.76363E+13,MV STORE,SEM GRUPO,8,3341.00,400.92,16.04
1781,7.95031E+13,LOJA HALLIN,SEM GRUPO,8,3288.85,394.67,15.79
1653,3.70523E+13,PEGA PEGA ROUPAS E ACESSORIOS,SEM GRUPO,12,3273.30,392.80,15.71
5202,1.2281E+13,DITTON CALCADOS,SEM GRUPO,11,3168.90,380.29,15.21
517,4.81357E+13,PEROLA CLOSET,SEM GRUPO,11,3803.10,379.93,15.20
2889,6.40523E+13,BETANIA CLOSET,SEM GRUPO,17,3054.45,366.54,14.66
1304,5.08566E+13,MAZINHO STORE,SEM GRUPO,11,2964.50,355.74,14.23
860,2.04756E+13,MIMAR BABY,SEM GRUPO,16,3394.33,339.10,13.56
2315,1.52395E+13,LILIKA KIDS,SEM GRUPO,6,2822.41,338.69,13.55
363,1.37549E+13,PERFIL MODAS,SEM GRUPO,9,3374.30,337.09,13.48
4359,2.35725E+13,MENINA DE LUXO,SEM GRUPO,6,2809.00,337.08,13.48
973,5.0236E+13,PONTO DA MODA,SEM GRUPO,13,3345.39,334.20,13.37
1038,5.46284E+13,INFINITO AMOR,SEM GRUPO,8,3333.99,333.06,13.32
511,3.30865E+11,FARMACIA SAO SEBASTIAO,SEM GRUPO,26,3293.93,329.03,13.16
5123,6.47369E+13,FARMACIA SAN RAFAEL,SEM GRUPO,19,2735.47,328.28,13.13
4103,6.5249E+13,DUANNA STORE,SEM GRUPO,7,2700.80,324.10,12.96
1373,2.5266E+13,HL MODAS E ACESSORIOS,SEM GRUPO,17,2687.39,322.49,12.90
1728,3.19041E+13,DONNA,SEM GRUPO,9,2621.00,314.52,12.58
424,7.68399E+13,LOJA PEREIRA SPORT WEAR,SEM GRUPO,13,3064.40,306.14,12.25
3979,5.18644E+13,NOVAERA CALCADOS,SEM GRUPO,8,2503.50,300.44,12.02
4109,6.53254E+13,TINDE JEANS,SEM GRUPO,7,2438.15,292.58,11.70
802,2.60491E+13,L D MODAS,SEM GRUPO,13,2888.00,288.52,11.54
3087,3.71555E+13,AGATHA FASHION,SEM GRUPO,9,2359.90,283.19,11.33
766,4.90466E+13,D FASHION,SEM GRUPO,7,2808.60,280.58,11.22
2036,3.14668E+13,PARIS STORE,SEM GRUPO,7,2320.92,278.51,11.14
2160,3.23109E+13,JEDIANE TEIXEIRA,SEM GRUPO,7,2314.00,277.68,11.11
3607,5.7753E+13,RICARDO STORE,SEM GRUPO,7,2312.00,277.44,11.10
756,5.19749E+13,ANGELA WISSOSKI COSMETICOS E PRESENTES,SEM GRUPO,10,2775.00,277.24,11.09
427,7.8662E+13,LOJA E CONFECCOES 3M,SEM GRUPO,8,2696.00,269.33,10.77
1744,3.84267E+13,MEU BEBE,SEM GRUPO,9,2244.00,269.28,10.77
2065,4.83695E+13,VIDA E FE,SEM GRUPO,12,2239.00,268.68,10.75
210,4.96113E+13,OTICAS REGALO,SEM GRUPO,6,2650.00,264.74,10.59
2281,2.96384E+13,LA BOUTIQUE CALCADOS E ACESSORIOS,SEM GRUPO,6,2189.95,262.80,10.51
2025,5.69547E+13,BELISSIMA COSMETICOS E PERFUMARIA,SEM GRUPO,13,2185.96,262.32,10.49
1689,2.40066E+13,MARIA BONITA,SEM GRUPO,9,2172.00,260.64,10.43
1390,2.87912E+13,VIA UNICA,SEM GRUPO,7,2163.00,259.56,10.38
1149,3.57637E+13,BOUTIQUE ARTE,SEM GRUPO,11,2161.00,259.32,10.37
2348,6.13813E+13,LAFFMAR,SEM GRUPO,5,2143.00,257.16,10.29
2116,5.17038E+13,DONNA DE SI,SEM GRUPO,4,2067.00,248.04,9.92
1003,4.20804E+13,LOJA DIOCY,SEM GRUPO,8,2475.76,247.33,9.89
745,1.70217E+13,UNIVERSO DA MODA FRAIBURGO,SEM GRUPO,7,2423.00,242.05,9.68
1139,4.08317E+13,LELYKIDS,SEM GRUPO,8,2013.10,241.58,9.66
2862,3.95084E+13,UH LALA STORE,SEM GRUPO,8,1979.40,237.54,9.50
1352,2.00471E+13,FEITA ASSIM,SEM GRUPO,4,1929.20,231.51,9.26
4591,6.58275E+13,EVE CONCEITO,SEM GRUPO,6,1905.70,228.69,9.15
879,2.70526E+13,MISS BOUTIQUE,SEM GRUPO,11,2278.00,227.58,9.10
4722,3.17199E+13,ADHONAI LIVRARIA EVANGELICA,SEM GRUPO,7,1841.02,220.93,8.84
5122,2.10842E+13,MELLYS ACESSORIOS,SEM GRUPO,12,1840.70,220.89,8.84
3894,4.283E+13,NOVA GERACAO,SEM GRUPO,8,1836.30,220.36,8.81
1780,5.1059E+13,SUZY SEDREZ,SEM GRUPO,6,1819.00,218.29,8.73
2119,2.77E+13,JHENEE MODAS E ACESSORIOS,SEM GRUPO,6,1819.00,218.28,8.73
1347,1.04672E+13,LIKA VARIEDADES,SEM GRUPO,5,1796.00,215.52,8.62
369,3.4603E+13,HENRI KIDS MODA INFANTIL,SEM GRUPO,16,2092.00,209.01,8.36
1288,3.80399E+13,LOJA RICO,SEM GRUPO,5,1739.00,208.68,8.35
1345,8.51426E+13,SIDERLEIA CONFECCOES,SEM GRUPO,6,1729.20,207.51,8.30
2792,3.12937E+13,GI MODAS BOUTIQUE,SEM GRUPO,6,1728.70,207.45,8.30
1705,7.5156E+12,OTICA VEJA BEM,SEM GRUPO,5,1707.00,204.84,8.19
887,4.62979E+13,ACONCHEGO DO BEBE,SEM GRUPO,11,2041.19,203.92,8.16
2120,5.95595E+13,ALE COSMETICOS BBS,SEM GRUPO,9,1650.51,198.06,7.92
280,4.707E+13,DIRIGINDO SPORTS,SEM GRUPO,9,1968.40,196.65,7.87
261,4.44681E+13,JG BOUTIQUE,SEM GRUPO,5,1907.00,190.50,7.62
1956,2.50484E+13,TOK DY MODA,SEM GRUPO,4,1562.40,187.49,7.50
422,4.03086E+13,CLOSET DA JI,SEM GRUPO,6,1776.26,177.45,7.10
397,2.26744E+13,MIA KIDS,SEM GRUPO,4,1767.10,176.53,7.06
5195,5.61026E+13,CHICO ARMACOES E LENTES,SEM GRUPO,3,1468.00,176.16,7.05
219,1.02456E+13,DCOUTO STORE,SEM GRUPO,5,1725.20,172.34,6.89
209,5.12473E+13,CHRISTOPHER CALCADOS E ACESSORIOS,SEM GRUPO,4,1724.76,172.31,6.89
5400,5.72407E+13,DRANKA EMPREENDIMENTOS,SEM GRUPO,3,1417.45,170.10,6.80
537,3.2001E+13,MERCADAO DO OCULOS,SEM GRUPO,4,1700.00,169.83,6.79
4931,5.02199E+13,PRECIOSA MODA PLUS SIZE,SEM GRUPO,5,1404.80,168.58,6.74
5716,4.74264E+13,SRTA GARBO MODA FEMININA,SEM GRUPO,3,1400.00,168.00,6.72
308,3.40379E+13,OTICA BHERING,SEM GRUPO,3,1680.00,167.83,6.71
1576,4.35239E+13,DOCE MUNDO DE CRIANCA,SEM GRUPO,3,1397.98,167.76,6.71
1325,5.52155E+13,JADNA MODAS,SEM GRUPO,6,1391.10,166.93,6.68
2190,6.07724E+13,ROSE STORE,SEM GRUPO,5,1389.30,166.72,6.67
563,3.25132E+13,RARIDADE LINGERIE,SEM GRUPO,8,1651.90,165.04,6.60
317,8.69577E+13,BIG MODEL,SEM GRUPO,5,1645.50,164.39,6.58
4553,6.34154E+13,LOJAS MALU,SEM GRUPO,7,1359.80,163.18,6.53
4322,3.34062E+13,MAE E FILHAS,SEM GRUPO,4,1353.00,162.36,6.49
2153,5.83022E+13,M E FASHION,SEM GRUPO,4,1338.00,160.56,6.42
968,4.03117E+13,LOOK BASICO MODAS,SEM GRUPO,6,1585.40,158.38,6.34
3986,5.89802E+13,LOJA VIES FEMININO,SEM GRUPO,5,1310.00,157.20,6.29
277,1.95079E+13,ACACIA BRANCA,SEM GRUPO,7,1573.50,157.20,6.29
653,2.88868E+13,LORD LADY 01,SEM GRUPO,5,1565.00,156.35,6.25
493,7.94101E+13,LK CONFECCOES,SEM GRUPO,6,1551.28,154.97,6.20
5971,5.71442E+13,LORENA STORE,SEM GRUPO,5,1287.55,154.50,6.18
6759,6.55779E+13,MAYLA MODAS,SEM GRUPO,2,1280.00,153.60,6.14
305,3.8597E+13,LUXURY CLOSET,SEM GRUPO,6,1527.20,152.57,6.10
278,5.04886E+13,BRILHE BOUTIQUE,SEM GRUPO,4,1514.40,151.29,6.05
800,5.35282E+13,PETIT FRU FRU,SEM GRUPO,3,1511.20,150.97,6.04
2081,4.41217E+13,PITICA BAMBI,SEM GRUPO,4,1240.47,148.86,5.95
2108,6.1245E+13,DANI MODA INTIMA,SEM GRUPO,9,1239.20,148.70,5.95
371,2.3686E+13,VENUS PLANETA DA BELEZA,SEM GRUPO,9,1474.19,147.26,5.89
2154,6.0682E+13,ASTERI PRODUTOS ESPORTIVOS,SEM GRUPO,3,1211.86,145.43,5.82
6073,6.13102E+13,NAIL COSMETICOS,SEM GRUPO,1,1200.00,144.00,5.76
502,8.5146E+13,PAPELARIA FILADELFIA,SEM GRUPO,5,1436.84,143.55,5.74
3558,5.50551E+13,NG CALCADOS,SEM GRUPO,6,1157.00,138.84,5.55
922,1.02808E+13,PONTO INTIMO LINGERIE,SEM GRUPO,6,1388.60,138.72,5.55
2793,5.90411E+13,LOJA LU PERFUMARIA,SEM GRUPO,2,1152.00,138.24,5.53
431,1.14472E+13,D&A MODAS,SEM GRUPO,7,1366.80,136.54,5.46
5240,6.65121E+13,BONEQUINHA FITNESS,SEM GRUPO,4,1124.00,134.89,5.40
1907,5.73697E+13,KAKA MODAS FASHI,SEM GRUPO,3,1120.00,134.40,5.38
5115,6.40055E+13,VALENCE,SEM GRUPO,3,1108.14,132.98,5.32
5541,1.47568E+13,CLOSET SHEILA MODAS,SEM GRUPO,3,1103.13,132.38,5.30
670,2.2411E+13,PRO SPORTS,SEM GRUPO,2,1304.97,130.36,5.21
3606,5.25436E+13,NOPE,SEM GRUPO,2,1066.00,127.92,5.12
982,2.86881E+13,FUTURAMA,SEM GRUPO,2,1276.80,127.55,5.10
707,7.88882E+13,RELOJOARIA E OTICA VISUAL RIO NEGRINHO,SEM GRUPO,3,1255.00,125.37,5.01
2347,5.81928E+13,JESSICA PERUCH CALCADOS,SEM GRUPO,4,1036.96,124.44,4.98
1840,6.04048E+13,RUBI CELESTE,SEM GRUPO,5,1027.50,123.30,4.93
855,3.56188E+13,ARTUR BABY ENCANTO,SEM GRUPO,7,1208.00,120.68,4.83
6595,8.80196E+12,NOVA CALCADOS SAO DOMINGOS,SEM GRUPO,4,1000.70,120.09,4.80
2740,3.50665E+13,CANTINHO DAS PRINCESAS,SEM GRUPO,3,987.04,118.44,4.74
375,4.28926E+12,BAZAR E CASA DO AGRICULTOR,SEM GRUPO,6,1177.51,117.64,4.71
1448,4.57192E+13,FARMACIA DO POVO TRABALHADOR,SEM GRUPO,7,978.79,117.46,4.70
2131,8.32607E+13,CONSTRUCENTRO,SEM GRUPO,7,971.67,116.60,4.66
6596,4.65618E+12,NOVA CALCADOS GRAVATA,SEM GRUPO,5,964.40,115.73,4.63
4899,6.47438E+13,MANAS FASHION,SEM GRUPO,4,963.40,115.61,4.62
2638,3.41997E+13,ORIENTE STORE,SEM GRUPO,3,959.96,115.20,4.61
559,3.16802E+13,MERCADO DULAR,SEM GRUPO,11,1147.85,114.67,4.59
396,7.24491E+13,FRANCI MALHAS INDUSTRIA E COMERCIO DO VESTUARIO,SEM GRUPO,6,1126.40,112.53,4.50
1631,3.59858E+13,LENZI MODAS,SEM GRUPO,2,933.90,112.07,4.48
374,5.21067E+12,KAMY MATERIAIS DE CONSTRUCAO E TINTAS,SEM GRUPO,2,1113.50,111.24,4.45
2606,3.55498E+13,VITRINE DA CRIANCA,SEM GRUPO,4,910.32,109.24,4.37
3561,4.98297E+13,JK SPORTS,SEM GRUPO,3,904.78,108.58,4.34
1011,3.36163E+13,CASA DA RACAO NUTRI PET,SEM GRUPO,10,1079.59,107.84,4.31
1677,2.12512E+13,CRAVO E ROSA,SEM GRUPO,2,891.17,106.94,4.28
5540,5.63778E+13,UNIE COSMETICOS,SEM GRUPO,6,881.20,105.74,4.23
323,3.4265E+13,TVEST ROUPAS E ACESSORIOS,SEM GRUPO,4,1057.45,105.64,4.23
548,8.53315E+13,MANIA MODAS,SEM GRUPO,2,1050.00,104.90,4.20
510,7.37633E+12,FRENTE VERSO,SEM GRUPO,3,1028.00,102.70,4.11
2296,5.36813E+13,TAED MODA FEMININA,SEM GRUPO,6,851.40,102.18,4.09
1992,5.07156E+12,SONHO AZUL MODAS,SEM GRUPO,6,832.05,99.85,3.99
2377,6.02748E+13,BEM GAROTA MODA FEMININA,SEM GRUPO,5,822.00,98.64,3.95
2236,1.87059E+13,OPTICA BOA VISAO,SEM GRUPO,2,800.00,96.00,3.84
5539,3.55094E+13,CORTIMALHAS,SEM GRUPO,2,800.00,96.00,3.84
6257,6.28973E+13,ANDREA DE LIMA LISBOA,SEM GRUPO,2,800.00,96.00,3.84
1830,2.44197E+13,CALCAPE CALCADOS,SEM GRUPO,2,799.80,95.98,3.84
848,4.23343E+13,DUCK OUTLET,SEM GRUPO,3,939.80,93.89,3.76
2407,3.06279E+13,AMORA FASHION,SEM GRUPO,2,779.90,93.59,3.74
311,1.3413E+13,SINHA MODAS,SEM GRUPO,5,920.25,91.93,3.68
1987,3.80407E+13,MARIA MARRIE VESTUARIO LTDA,SEM GRUPO,5,760.10,91.22,3.65
2132,5.31312E+13,ONSERVICE CELL,SEM GRUPO,2,750.00,90.00,3.60
918,3.59283E+13,EXCLUSIVA MODAS,SEM GRUPO,7,900.00,89.91,3.60
1550,5.25506E+13,GRAZI CLOTHING ACESSORIOS,SEM GRUPO,6,748.60,89.84,3.59
6182,6.78061E+13,MENINA DOS OLHOS BOUTIQUE,SEM GRUPO,1,734.79,88.17,3.53
285,4.42719E+13,CS ACESSORIOS PARA CELULARES,SEM GRUPO,3,879.98,87.92,3.52
2327,1.14103E+13,MAGALI CALCADOS,SEM GRUPO,1,724.46,86.94,3.48
689,3.26963E+13,FILEMON,SEM GRUPO,3,869.00,86.81,3.47
451,4.91799E+13,IMPERIO KIDS,SEM GRUPO,1,864.00,86.31,3.45
6203,6.64048E+13,99 OTICAS ITAPOA,SEM GRUPO,1,710.00,85.20,3.41
1059,1.88896E+13,AREA RESTRITA,SEM GRUPO,3,691.00,82.92,3.32
2146,3.44413E+13,GNJ HOME DECOR,SEM GRUPO,4,688.60,82.64,3.31
522,2.01849E+13,REDUTTO DA MODA E PAPELARIA TIMBO PEL,SEM GRUPO,4,822.00,82.12,3.28
1299,9.58521E+13,LOJA ADRIANO,SEM GRUPO,2,671.95,80.64,3.23
248,2.24721E+13,BABY LOVE ROUPAS E ACESSORIOS INFANTIS,SEM GRUPO,3,807.06,80.63,3.23
533,6.32519E+12,ND MATERIAIS DE CONSTRUCAO,SEM GRUPO,2,800.70,79.99,3.20
782,6.04909E+12,ARRETA CAR AUTO CENTER,SEM GRUPO,1,800.00,79.92,3.20
3209,5.79131E+13,MULHER VIRTUOSA,SEM GRUPO,3,664.70,79.77,3.19
2693,4.47379E+13,RICO INFORMATICA,SEM GRUPO,2,650.00,78.00,3.12
322,4.27015E+13,FARMACIA TIMBO,SEM GRUPO,5,773.54,77.28,3.09
945,1.84417E+13,CARLA DELAVALI STORE,SEM GRUPO,1,766.63,76.59,3.06
4127,4.68747E+13,BROTINHO BABY STORE,SEM GRUPO,2,636.25,76.35,3.05
188,4.05224E+13,FRESCURINHA KIDS,SEM GRUPO,3,764.00,76.33,3.05
495,8.53487E+13,OKEM STORE,SEM GRUPO,2,759.90,75.91,3.04
1307,5.39651E+13,ESSENCE MODA MASCULINA,SEM GRUPO,3,624.77,74.97,3.00
343,7.88882E+13,RELOJOARIA E OTICA VISUAL,SEM GRUPO,1,728.00,72.73,2.91
6446,6.73205E+13,MA PERFUMARIA CASA E CORPO,SEM GRUPO,2,605.00,72.60,2.90
1392,4.48718E+13,AK ELETRONICOS E ASSISTENCIA LTDA,SEM GRUPO,1,600.00,72.00,2.88
1634,1.8897E+13,MARCO MATERIAIS DE CONSTRUCAO,SEM GRUPO,1,600.00,72.00,2.88
2043,3.84494E+13,CASA DO ENXOVAL,SEM GRUPO,2,599.90,71.99,2.88
5759,4.16973E+13,SANDRA PRODUTOS DE LIMPEZA,SEM GRUPO,1,599.00,71.88,2.88
842,5.34075E+13,MM MODAS,SEM GRUPO,1,699.80,69.91,2.80
235,2.88673E+13,CHILLI BEANS,SEM GRUPO,1,689.95,68.93,2.76
1228,59757000150,LY PIERI O PONTO DA MODA,SEM GRUPO,1,574.00,68.88,2.76
529,3.77148E+13,HABITUAL MODAS,SEM GRUPO,1,676.60,67.59,2.70
475,2.83687E+12,LUCIANO MOVEIS,SEM GRUPO,1,675.00,67.43,2.70
244,4.85254E+12,H. F. MODAS,SEM GRUPO,2,669.40,66.88,2.68
5870,4.36333E+13,BE A DIVA,SEM GRUPO,2,557.00,66.84,2.67
3978,6.40293E+13,VERVISION OTICA,SEM GRUPO,1,550.00,66.00,2.64
5698,6.75215E+13,SA ELETRONICOS,SEM GRUPO,1,549.90,65.99,2.64
1849,5.97423E+13,FIOVENI,SEM GRUPO,2,515.89,61.91,2.48
294,1.57274E+13,DONNA HERMES,SEM GRUPO,1,600.00,59.94,2.40
288,2.84002E+13,AMPERTEC,SEM GRUPO,3,595.00,59.44,2.38
1685,2.204E+13,CRAVO E ROSA MODA E CONSULTORIA,SEM GRUPO,2,493.00,59.16,2.37
2086,5.99429E+13,DECENT,SEM GRUPO,4,489.70,58.76,2.35
279,1.79167E+13,SPARK ELETRONICS,SEM GRUPO,2,575.00,57.44,2.30
173,7.85323E+13,BARRA VELHA CICLO CENTER,SEM GRUPO,3,572.00,57.13,2.29
416,3.183E+13,CELULARES & CIA,SEM GRUPO,3,568.90,56.84,2.27
2637,2.83653E+13,TE MODAS,SEM GRUPO,2,470.00,56.40,2.26
5879,6.76808E+13,BELLA CHIC MODAS,SEM GRUPO,2,467.17,56.06,2.24
2624,5.44876E+13,OLIGINI CUIDADOS E PERFUMARIA,SEM GRUPO,2,425.38,51.05,2.04
425,2.69856E+12,CASACASTHE,SEM GRUPO,1,500.00,49.95,2.00
5194,8.18391E+13,LOJA SIMONE,SEM GRUPO,2,409.90,49.19,1.97
1175,5.39503E+13,AMAPO MODA FEMININA,SEM GRUPO,2,407.00,48.84,1.95
1303,8.09555E+13,VIOLA DE OURO,SEM GRUPO,1,400.00,48.00,1.92
1580,5.57378E+13,ATELIE DA VISAO,SEM GRUPO,1,400.00,48.00,1.92
2115,8.21163E+13,CAERO CENTER,SEM GRUPO,1,400.00,48.00,1.92
4105,6.4215E+13,SUELEN MELLO,SEM GRUPO,1,400.00,48.00,1.92
4226,2.52693E+12,ZO KIDS MODA INFANTIL,SEM GRUPO,1,400.00,48.00,1.92
5241,4.59453E+13,INSTITUTO DRA ISABELLA MOTA,SEM GRUPO,1,400.00,48.00,1.92
5984,6.65237E+13,OTICA CONCEITO GODOY,SEM GRUPO,1,400.00,48.00,1.92
6663,1.39713E+13,ALEMAO CENTER PNEUS,SEM GRUPO,1,400.00,48.00,1.92
4578,6.35656E+13,TAY STYLE SHOES,SEM GRUPO,2,398.00,47.76,1.91
4898,6.06562E+13,VENUS STORE TT,SEM GRUPO,3,394.50,47.34,1.89
562,3.02804E+12,DOM BOSCO OTICA,SEM GRUPO,1,462.00,46.15,1.85
1961,4.96911E+11,DEBORA MODAS,SEM GRUPO,2,370.00,44.40,1.78
6192,2.94012E+13,CENTRAL DO CELULAR,SEM GRUPO,1,370.00,44.40,1.78
2741,4.08854E+13,MADA MODAS,SEM GRUPO,1,354.60,42.55,1.70
1213,2.80377E+13,MOUSTACHE MULTIMARCAS,SEM GRUPO,1,349.00,41.88,1.68
1148,2.17926E+13,LILA LILI,SEM GRUPO,1,340.20,40.82,1.63
443,4.28127E+13,ESTELAR FERRAGENS E ACABAMENTOS,SEM GRUPO,2,405.00,40.46,1.62
186,6.19025E+12,LINDA CATARINA,SEM GRUPO,1,400.00,39.96,1.60
483,1.75265E+13,ALL JOIAS,SEM GRUPO,1,400.00,39.96,1.60
175,3.34018E+13,COOKE KIDS,SEM GRUPO,1,389.70,38.93,1.56
474,4.8842E+13,HL MOVEIS,SEM GRUPO,1,389.00,38.86,1.55
4395,3.43829E+13,COMERCIAL ANTARES,SEM GRUPO,2,322.80,38.74,1.55
4106,6.0166E+13,LA BELLA DONDOCA,SEM GRUPO,1,319.90,38.39,1.54
395,4.12873E+13,LOUCA CALCADOS,SEM GRUPO,1,379.80,37.94,1.52
1145,3.65066E+13,CLINICA VETERINARIA AMIGO FIEL,SEM GRUPO,1,304.00,36.48,1.46
2451,3.23425E+13,BY NI STORE,SEM GRUPO,1,300.00,36.00,1.44
3086,2.95474E+13,JR ACESSORIOS ELETRONICOS,SEM GRUPO,1,299.90,35.99,1.44
2392,5.53883E+13,MZURI MODAS,SEM GRUPO,1,299.50,35.94,1.44
1995,5.73103E+13,MARIA BENEDICTA,SEM GRUPO,1,299.20,35.90,1.44
5713,2.2081E+13,ANA PAULA MODAS,SEM GRUPO,1,294.00,35.28,1.41
760,8.32289E+13,FERRAGEM SOBERANA,SEM GRUPO,2,341.28,34.10,1.36
2165,1.21074E+13,MARIARITA MODAS,SEM GRUPO,1,280.00,33.60,1.34
994,3.4878E+13,REI DO CELULAR,SEM GRUPO,1,330.00,32.97,1.32
4422,6.56027E+13,LOJA LOVELY,SEM GRUPO,1,269.70,32.36,1.29
906,4.37505E+13,PINGO DE GENTE LS,SEM GRUPO,1,310.00,30.97,1.24
2535,2.1865E+13,CASA COSMETICOS,SEM GRUPO,3,255.96,30.71,1.23
471,1.96335E+13,RABO DE SAIA,SEM GRUPO,1,307.33,30.70,1.23
801,5.15823E+13,FATHO BOUTIQUE,SEM GRUPO,2,300.66,30.04,1.20
935,9.18151E+12,SARITA PRESENTES,SEM GRUPO,1,300.00,29.97,1.20
2000,6.15158E+12,FRELLO CALCADOS,SEM GRUPO,1,249.00,29.88,1.20
927,9.02224E+12,VITA FARMA,SEM GRUPO,3,291.80,29.14,1.17
5714,4.19402E+13,AGRO REICHARDT,SEM GRUPO,1,241.92,29.03,1.16
1767,2.66821E+12,CONFECCOES LUCATTI,SEM GRUPO,1,226.70,27.20,1.09
266,4.29528E+13,GLAMAZON,SEM GRUPO,1,265.00,26.47,1.06
2079,6.13905E+13,SANTO ESTILO,SEM GRUPO,1,220.00,26.40,1.06
2098,1.9799E+13,GLAMOUR MODA ACESSORIOS E PERFUMARIA,SEM GRUPO,1,207.00,24.84,0.99
176,2.11503E+11,GALINHA GORDA,SEM GRUPO,1,240.80,24.06,0.96
2524,6.05908E+13,SANTOS E ELAS,SEM GRUPO,1,199.90,23.99,0.96
1660,5.48739E+13,KAUFER,SEM GRUPO,1,199.00,23.88,0.96
292,5.86403E+12,ANOMALIA,SEM GRUPO,1,229.80,22.96,0.92
5021,6.02504E+13,MARIA MODAS,SEM GRUPO,1,189.99,22.80,0.91
5704,1.10568E+13,ATITUDE MODAS E PRESENTES,SEM GRUPO,1,180.00,21.60,0.86
259,2.24758E+13,KONTAINER K,SEM GRUPO,1,199.80,19.96,0.80
1246,3.69115E+12,PERFUMARIA TOK DE MALICIA,SEM GRUPO,1,161.00,19.32,0.77
1928,3.04656E+13,DIA A DIA UTILIDADES,SEM GRUPO,2,157.00,18.84,0.75
5985,5.51966E+13,LONDON PERFUMARIA COSMETICOS,SEM GRUPO,1,155.76,18.69,0.75
977,5.21057E+13,KARINE PEREIRA,SEM GRUPO,1,185.00,18.48,0.74
1986,3.94471E+13,ABC CALCADOS,SEM GRUPO,1,149.90,17.99,0.72
607,3.46248E+13,DOCE STYLO,SEM GRUPO,1,179.99,17.98,0.72
1544,4.76914E+13,RAFA MODAS,SEM GRUPO,1,145.00,17.40,0.70
249,6.3041E+12,CHELLEN MODAS,SEM GRUPO,2,149.80,14.96,0.60
1273,3.24738E+13,COSTA FERRAGENS EM GERAL,SEM GRUPO,1,120.00,14.40,0.58
5758,6.75376E+13,MADAME BE,SEM GRUPO,1,120.00,14.40,0.58
2686,6.25073E+13,SONHO DE RENDA,SEM GRUPO,1,116.00,13.92,0.56
490,3.03851E+13,AMANDA MODAS,SEM GRUPO,1,129.99,12.99,0.52
2658,4.08237E+12,PAPELARIA BRASIL SUL,SEM GRUPO,1,88.00,10.56,0.42
195,3.47649E+12,DINA PRESENTES,SEM GRUPO,1,101.00,10.09,0.40
4589,5.60045E+13,KI MANIA FASHION,SEM GRUPO,1,59.99,7.20,0.29
2817,1.4967E+13,DAY MODAS,SEM GRUPO,1,100.00,6.00,0.24
2515,5.81068E+12,MODA FAMA,SEM GRUPO,1,48.20,5.78,0.23
497,4.5612E+13,MASSANEIRO MATERIAL DE CONSTRUCAO,SEM GRUPO,1,48.50,4.85,0.19
3749,6.1381E+13,CARIOCAKIDSTJ,SEM GRUPO,1,40.00,4.80,0.19
930,2.59659E+13,MANAS MODAS,SEM GRUPO,1,30.00,3.00,0.12
7029,5.27416E+13,SS MODA E CALCADOS,SEM GRUPO,2,20.00,2.40,0.10
2155,5.80936E+13,FACILITA CELULARES,INSIDE_SALES,24,36990.30,3699.07,244.14
2345,5.78736E+13,SIGMA,INSIDE_SALES,9,11406.90,1140.69,76.98
